<NEAR_THRESHOLD_SENSOR_KINECT>
    <val_0>2488.888916016</val_0>
</NEAR_THRESHOLD_SENSOR_KINECT>
<FAR_THRESHOLD_SENSOR_KINECT>
    <val_0>1933.333251953</val_0>
</FAR_THRESHOLD_SENSOR_KINECT>
<CI_BLUR_SENSOR_KINECT>
    <val_0>2.933333397</val_0>
</CI_BLUR_SENSOR_KINECT>
<CI_ERODE_SENSOR_KINECT>
    <val_0>1.000000000</val_0>
</CI_ERODE_SENSOR_KINECT>
<CI_DILATE_SENSOR_KINECT>
    <val_0>1.000000000</val_0>
</CI_DILATE_SENSOR_KINECT>
<M_THRESHOLD_SENSOR_KINECT>
    <val_0>40.866668701</val_0>
</M_THRESHOLD_SENSOR_KINECT>
<MOTION_ON_HORIZON_SENSOR_KINECT>
    <val_0>9.800000191</val_0>
</MOTION_ON_HORIZON_SENSOR_KINECT>
<MOTION_OFF_HORIZON_SENSOR_KINECT>
    <val_0>18.888889313</val_0>
</MOTION_OFF_HORIZON_SENSOR_KINECT>
<MIN_BLOB_AREA_SENSOR_KINECT>
    <val_0>20.000000000</val_0>
</MIN_BLOB_AREA_SENSOR_KINECT>
<MAX_BLOB_AREA_SENSOR_KINECT>
    <val_0>80555.554687500</val_0>
</MAX_BLOB_AREA_SENSOR_KINECT>
<CF_DETAIL_SENSOR_KINECT>
    <val_0>2.000000000</val_0>
</CF_DETAIL_SENSOR_KINECT>
<CF_SMOOTH_PCT_SENSOR_KINECT>
    <val_0>0.097111113</val_0>
</CF_SMOOTH_PCT_SENSOR_KINECT>
<CF_TOLERANCE_SENSOR_KINECT>
    <val_0>2.342166662</val_0>
</CF_TOLERANCE_SENSOR_KINECT>
<COMPUTE_CF_SENSOR_KINECT>
    <val_0>1.000000000</val_0>
</COMPUTE_CF_SENSOR_KINECT>
<COMPUTE_CG_SENSOR_KINECT>
    <val_0>0.000000000</val_0>
</COMPUTE_CG_SENSOR_KINECT>
<COMPUTE_OF_SENSOR_KINECT>
    <val_0>0.000000000</val_0>
</COMPUTE_OF_SENSOR_KINECT>
<COMPUTE_TA_SENSOR_KINECT>
    <val_0>0.000000000</val_0>
</COMPUTE_TA_SENSOR_KINECT>
<SMOOTHING_FACTOR_SENSOR_KINECT>
    <val_0>0.500000000</val_0>
</SMOOTHING_FACTOR_SENSOR_KINECT>
