<SWITCH_CAM_VIDEO_0>
    <val_0>0.000000000</val_0>
</SWITCH_CAM_VIDEO_0>
<UNDISTORT_INPUT_0>
    <val_0>0.000000000</val_0>
</UNDISTORT_INPUT_0>
<RESET_INPUT_WARPING_DEV_0>
    <val_0>0.000000000</val_0>
</RESET_INPUT_WARPING_DEV_0>
<BG_CAPTURE_0>
    <val_0>0.000000000</val_0>
</BG_CAPTURE_0>
<BG_USE_STRECH_0>
    <val_0>1.000000000</val_0>
</BG_USE_STRECH_0>
<USE_COLOR_TRACKING_0>
    <val_0>1.000000000</val_0>
</USE_COLOR_TRACKING_0>
<FLIP_SOURCE_USE_0>
    <val_0>2.000000000</val_0>
</FLIP_SOURCE_USE_0>
<INPUT_BLUR_0>
    <val_0>1.833333373</val_0>
</INPUT_BLUR_0>
<CONTRAST_0>
    <val_0>0.138888896</val_0>
</CONTRAST_0>
<BRIGHTNESS_0>
    <val_0>-0.444444418</val_0>
</BRIGHTNESS_0>
<BGSUB_TECH_0>
    <val_0>3.000000000</val_0>
</BGSUB_TECH_0>
<BGSUB_THRESHOLD_0>
    <val_0>72.683334351</val_0>
</BGSUB_THRESHOLD_0>
<BGSUB_BLUR_0>
    <val_0>1.466666698</val_0>
</BGSUB_BLUR_0>
<BGSUB_ERODE_0>
    <val_0>1.388888955</val_0>
</BGSUB_ERODE_0>
<BGSUB_DILATE_0>
    <val_0>1.833333373</val_0>
</BGSUB_DILATE_0>
<SMOOTHING_FACTOR_0>
    <val_0>0.227777794</val_0>
</SMOOTHING_FACTOR_0>
<HUE_0>
    <val_0>0.105555557</val_0>
</HUE_0>
<HUE_WIDTH_0>
    <val_0>0.105555557</val_0>
</HUE_WIDTH_0>
<SAT_0>
    <val_0>1.000000000</val_0>
</SAT_0>
<SAT_WIDTH_0>
    <val_0>0.161111116</val_0>
</SAT_WIDTH_0>
<VAL_0>
    <val_0>0.138888896</val_0>
</VAL_0>
<VAL_WIDTH_0>
    <val_0>0.000000000</val_0>
</VAL_WIDTH_0>
<HSV_BLUR_0>
    <val_0>11.000000000</val_0>
</HSV_BLUR_0>
<HSV_ERODE_0>
    <val_0>2.166666746</val_0>
</HSV_ERODE_0>
<HSV_DILATE_0>
    <val_0>2.000000000</val_0>
</HSV_DILATE_0>
<M_THRESHOLD_0>
    <val_0>24.255556107</val_0>
</M_THRESHOLD_0>
<M_NOISE_COMP_0>
    <val_0>138.888900757</val_0>
</M_NOISE_COMP_0>
<MOTION_ON_HORIZON_0>
    <val_0>20.250000000</val_0>
</MOTION_ON_HORIZON_0>
<MOTION_OFF_HORIZON_0>
    <val_0>36.666667938</val_0>
</MOTION_OFF_HORIZON_0>
<MIN_BLOB_AREA_0>
    <val_0>1001.600036621</val_0>
</MIN_BLOB_AREA_0>
<MAX_BLOB_AREA_0>
    <val_0>21111.111328125</val_0>
</MAX_BLOB_AREA_0>
<CF_DETAIL_0>
    <val_0>0.000000000</val_0>
</CF_DETAIL_0>
<CF_SMOOTH_PCT_0>
    <val_0>0.167888910</val_0>
</CF_SMOOTH_PCT_0>
<CF_TOLERANCE_0>
    <val_0>3.896944523</val_0>
</CF_TOLERANCE_0>
<BT_BLUR_0>
    <val_0>0.916666687</val_0>
</BT_BLUR_0>
<BT_ERODE_0>
    <val_0>0.444444448</val_0>
</BT_ERODE_0>
<BT_DILATE_0>
    <val_0>0.388888896</val_0>
</BT_DILATE_0>
<COMPUTE_CF_0>
    <val_0>0.000000000</val_0>
</COMPUTE_CF_0>
<COMPUTE_CG_0>
    <val_0>0.000000000</val_0>
</COMPUTE_CG_0>
<COMPUTE_OF_0>
    <val_0>0.000000000</val_0>
</COMPUTE_OF_0>
<COMPUTE_FT_0>
    <val_0>0.000000000</val_0>
</COMPUTE_FT_0>
<COMPUTE_TA_0>
    <val_0>0.000000000</val_0>
</COMPUTE_TA_0>
