<UNDISTORT_INPUT_0>
    <val_0>0.000000000</val_0>
</UNDISTORT_INPUT_0>
<RESET_INPUT_WARPING_DEV_0>
    <val_0>0.000000000</val_0>
</RESET_INPUT_WARPING_DEV_0>
<BG_CAPTURE_0>
    <val_0>0.000000000</val_0>
</BG_CAPTURE_0>
<BG_USE_STRECH_0>
    <val_0>0.000000000</val_0>
</BG_USE_STRECH_0>
<USE_COLOR_TRACKING_0>
    <val_0>0.000000000</val_0>
</USE_COLOR_TRACKING_0>
<FLIP_SOURCE_USE_0>
    <val_0>2.000000000</val_0>
</FLIP_SOURCE_USE_0>
<INPUT_BLUR_0>
    <val_0>0.000000000</val_0>
</INPUT_BLUR_0>
<CONTRAST_0>
    <val_0>0.150000006</val_0>
</CONTRAST_0>
<BRIGHTNESS_0>
    <val_0>0.311111093</val_0>
</BRIGHTNESS_0>
<BGSUB_TECH_0>
    <val_0>3.000000000</val_0>
</BGSUB_TECH_0>
<BGSUB_THRESHOLD_0>
    <val_0>29.111110687</val_0>
</BGSUB_THRESHOLD_0>
<BGSUB_BLUR_0>
    <val_0>5.500000000</val_0>
</BGSUB_BLUR_0>
<BGSUB_ERODE_0>
    <val_0>1.388888955</val_0>
</BGSUB_ERODE_0>
<BGSUB_DILATE_0>
    <val_0>1.055555582</val_0>
</BGSUB_DILATE_0>
<SMOOTHING_FACTOR_0>
    <val_0>0.314888895</val_0>
</SMOOTHING_FACTOR_0>
<HUE_0>
    <val_0>0.166666672</val_0>
</HUE_0>
<HUE_WIDTH_0>
    <val_0>0.322222233</val_0>
</HUE_WIDTH_0>
<SAT_0>
    <val_0>0.394444436</val_0>
</SAT_0>
<SAT_WIDTH_0>
    <val_0>0.327777773</val_0>
</SAT_WIDTH_0>
<VAL_0>
    <val_0>0.288888901</val_0>
</VAL_0>
<VAL_WIDTH_0>
    <val_0>0.194444448</val_0>
</VAL_WIDTH_0>
<HSV_BLUR_0>
    <val_0>7.333333492</val_0>
</HSV_BLUR_0>
<HSV_ERODE_0>
    <val_0>2.277777672</val_0>
</HSV_ERODE_0>
<HSV_DILATE_0>
    <val_0>2.333333254</val_0>
</HSV_DILATE_0>
<M_THRESHOLD_0>
    <val_0>57.477779388</val_0>
</M_THRESHOLD_0>
<M_NOISE_COMP_0>
    <val_0>250.000000000</val_0>
</M_NOISE_COMP_0>
<MOTION_ON_HORIZON_0>
    <val_0>21.899999619</val_0>
</MOTION_ON_HORIZON_0>
<MOTION_OFF_HORIZON_0>
    <val_0>144.444442749</val_0>
</MOTION_OFF_HORIZON_0>
<MIN_BLOB_AREA_0>
    <val_0>585.099975586</val_0>
</MIN_BLOB_AREA_0>
<MAX_BLOB_AREA_0>
    <val_0>65555.554687500</val_0>
</MAX_BLOB_AREA_0>
<CF_DETAIL_0>
    <val_0>1.000000000</val_0>
</CF_DETAIL_0>
<CF_SMOOTH_PCT_0>
    <val_0>0.701444447</val_0>
</CF_SMOOTH_PCT_0>
<CF_TOLERANCE_0>
    <val_0>10.338166237</val_0>
</CF_TOLERANCE_0>
<BT_BLUR_0>
    <val_0>3.483333349</val_0>
</BT_BLUR_0>
<BT_ERODE_0>
    <val_0>0.166666672</val_0>
</BT_ERODE_0>
<BT_DILATE_0>
    <val_0>0.111111112</val_0>
</BT_DILATE_0>
<COMPUTE_CF_0>
    <val_0>0.000000000</val_0>
</COMPUTE_CF_0>
<COMPUTE_CG_0>
    <val_0>0.000000000</val_0>
</COMPUTE_CG_0>
<COMPUTE_OF_0>
    <val_0>1.000000000</val_0>
</COMPUTE_OF_0>
<COMPUTE_FT_0>
    <val_0>0.000000000</val_0>
</COMPUTE_FT_0>
<COMPUTE_TA_0>
    <val_0>0.000000000</val_0>
</COMPUTE_TA_0>
<SWITCH_CAM_VIDEO_0>
    <val_0>0.000000000</val_0>
</SWITCH_CAM_VIDEO_0>
<SWITCH_CAM_VIDEO_1>
    <val_0>0.000000000</val_0>
</SWITCH_CAM_VIDEO_1>
<UNDISTORT_INPUT_1>
    <val_0>0.000000000</val_0>
</UNDISTORT_INPUT_1>
<RESET_INPUT_WARPING_DEV_1>
    <val_0>0.000000000</val_0>
</RESET_INPUT_WARPING_DEV_1>
<BG_CAPTURE_1>
    <val_0>0.000000000</val_0>
</BG_CAPTURE_1>
<BG_USE_STRECH_1>
    <val_0>0.000000000</val_0>
</BG_USE_STRECH_1>
<USE_COLOR_TRACKING_1>
    <val_0>1.000000000</val_0>
</USE_COLOR_TRACKING_1>
<FLIP_SOURCE_USE_1>
    <val_0>0.000000000</val_0>
</FLIP_SOURCE_USE_1>
<INPUT_BLUR_1>
    <val_0>2.016666651</val_0>
</INPUT_BLUR_1>
<CONTRAST_1>
    <val_0>0.072222225</val_0>
</CONTRAST_1>
<BRIGHTNESS_1>
    <val_0>0.177777767</val_0>
</BRIGHTNESS_1>
<BGSUB_TECH_1>
    <val_0>3.000000000</val_0>
</BGSUB_TECH_1>
<BGSUB_THRESHOLD_1>
    <val_0>30.516666412</val_0>
</BGSUB_THRESHOLD_1>
<BGSUB_BLUR_1>
    <val_0>2.200000048</val_0>
</BGSUB_BLUR_1>
<BGSUB_ERODE_1>
    <val_0>0.555555582</val_0>
</BGSUB_ERODE_1>
<BGSUB_DILATE_1>
    <val_0>0.111111112</val_0>
</BGSUB_DILATE_1>
<SMOOTHING_FACTOR_1>
    <val_0>0.151555568</val_0>
</SMOOTHING_FACTOR_1>
<HUE_1>
    <val_0>0.083333336</val_0>
</HUE_1>
<HUE_WIDTH_1>
    <val_0>0.166666672</val_0>
</HUE_WIDTH_1>
<SAT_1>
    <val_0>0.133333340</val_0>
</SAT_1>
<SAT_WIDTH_1>
    <val_0>0.133333340</val_0>
</SAT_WIDTH_1>
<VAL_1>
    <val_0>0.000000000</val_0>
</VAL_1>
<VAL_WIDTH_1>
    <val_0>0.000000000</val_0>
</VAL_WIDTH_1>
<HSV_BLUR_1>
    <val_0>0.000000000</val_0>
</HSV_BLUR_1>
<HSV_ERODE_1>
    <val_0>0.000000000</val_0>
</HSV_ERODE_1>
<HSV_DILATE_1>
    <val_0>0.000000000</val_0>
</HSV_DILATE_1>
<M_THRESHOLD_1>
    <val_0>39.205558777</val_0>
</M_THRESHOLD_1>
<M_NOISE_COMP_1>
    <val_0>144.444458008</val_0>
</M_NOISE_COMP_1>
<MOTION_ON_HORIZON_1>
    <val_0>15.300000191</val_0>
</MOTION_ON_HORIZON_1>
<MOTION_OFF_HORIZON_1>
    <val_0>137.777786255</val_0>
</MOTION_OFF_HORIZON_1>
<MIN_BLOB_AREA_1>
    <val_0>585.099975586</val_0>
</MIN_BLOB_AREA_1>
<MAX_BLOB_AREA_1>
    <val_0>58888.886718750</val_0>
</MAX_BLOB_AREA_1>
<CF_DETAIL_1>
    <val_0>0.000000000</val_0>
</CF_DETAIL_1>
<CF_SMOOTH_PCT_1>
    <val_0>0.331222206</val_0>
</CF_SMOOTH_PCT_1>
<CF_TOLERANCE_1>
    <val_0>2.675333500</val_0>
</CF_TOLERANCE_1>
<BT_BLUR_1>
    <val_0>8.066666603</val_0>
</BT_BLUR_1>
<BT_ERODE_1>
    <val_0>0.000000000</val_0>
</BT_ERODE_1>
<BT_DILATE_1>
    <val_0>0.000000000</val_0>
</BT_DILATE_1>
<COMPUTE_CF_1>
    <val_0>1.000000000</val_0>
</COMPUTE_CF_1>
<COMPUTE_CG_1>
    <val_0>0.000000000</val_0>
</COMPUTE_CG_1>
<COMPUTE_OF_1>
    <val_0>1.000000000</val_0>
</COMPUTE_OF_1>
<COMPUTE_FT_1>
    <val_0>0.000000000</val_0>
</COMPUTE_FT_1>
<COMPUTE_TA_1>
    <val_0>0.000000000</val_0>
</COMPUTE_TA_1>
