<keyframes>
    <key>
        <easefunc>2</easefunc>
        <easetype>0</easetype>
        <time>00:00:00:000</time>
        <value>0.524999976</value>
    </key>
    <key>
        <easefunc>0</easefunc>
        <easetype>0</easetype>
        <time>00:00:01:905</time>
        <value>0.250000000</value>
    </key>
    <key>
        <easefunc>3</easefunc>
        <easetype>0</easetype>
        <time>00:00:02:276</time>
        <value>0.850000024</value>
    </key>
    <key>
        <easefunc>9</easefunc>
        <easetype>0</easetype>
        <time>00:00:04:412</time>
        <value>0.250000000</value>
    </key>
    <key>
        <easefunc>0</easefunc>
        <easetype>0</easetype>
        <time>00:00:10:000</time>
        <value>1.000000000</value>
    </key>
</keyframes>
