<keyframes>
    <key>
        <easefunc>7</easefunc>
        <easetype>0</easetype>
        <time>00:00:00:000</time>
        <value>0.000000000</value>
    </key>
    <key>
        <easefunc>5</easefunc>
        <easetype>1</easetype>
        <time>00:00:02:308</time>
        <value>1.000000000</value>
    </key>
    <key>
        <easefunc>1</easefunc>
        <easetype>0</easetype>
        <time>00:00:05:953</time>
        <value>0.000000000</value>
    </key>
    <key>
        <easefunc>0</easefunc>
        <easetype>0</easetype>
        <time>00:00:10:000</time>
        <value>1.000000000</value>
    </key>
</keyframes>
