<keyframes>
    <key>
        <type>0</type>
        <phaseShift>0.000000000</phaseShift>
        <amplitude>1.000000000</amplitude>
        <frequency>100.000000000</frequency>
        <seed>0.000000000</seed>
        <center>0.000000000</center>
        <interpolate>1</interpolate>
        <expInterpolate>0</expInterpolate>
        <time>00:00:00:033</time>
        <value>0.599999905</value>
    </key>
    <key>
        <type>0</type>
        <phaseShift>0.000000000</phaseShift>
        <amplitude>1.000000000</amplitude>
        <frequency>100.000000000</frequency>
        <seed>0.000000000</seed>
        <center>0.000000000</center>
        <interpolate>0</interpolate>
        <expInterpolate>1</expInterpolate>
        <time>00:00:03:342</time>
        <value>0.671875000</value>
    </key>
    <key>
        <type>1</type>
        <phaseShift>0.000000000</phaseShift>
        <amplitude>1.000000000</amplitude>
        <frequency>100.000000000</frequency>
        <seed>0.000000000</seed>
        <center>0.000000000</center>
        <interpolate>1</interpolate>
        <expInterpolate>0</expInterpolate>
        <time>00:00:05:642</time>
        <value>0.712500095</value>
    </key>
</keyframes>
